{
    "topic":"private.position",
    "data":[
        {
            "userId":161018,
            "symbol":"BTCUSDT",
            "size":0,
            "freeQty":0,
            "side":"Buy",
            "positionValue":0,
            "entryPrice":0,
            "liqPrice":0,
            "isIsolated":0,
            "leverage":100,
            "orderMargin":0,
            "positionMargin":0,
            "extraAddedMargin":0,
            "takeProfit":0,
            "tpTriggerBy":"LastPriceOld",
            "stopLoss":0,
            "slTriggerBy":"LastPriceOld",
            "realisedPnl":0,
            "trailingStop":0,
            "walletBalance":0,
            "todayRealisedPnl":0,
            "unRealisedPnlByMp":0,
            "unRealisedPnlByLp":0,
            "unRealisedPnlByBp":0,
            "unRealisedPnl":0,
            "riskId":1,
            "ocCalcData":"",
            "occClosingFee":0,
            "occFundingFee":0,
            "isAutoAddMargin":0,
            "cumRealisedPnl":0,
            "minPositionCost":0,
            "positionBalance":0,
            "buyValueToCost":0.0114925,
            "sellValueToCost":0,
            "adlRankIndicator":0
        },
        {
            "userId":161018,
            "symbol":"BTCUSDT",
            "size":0,
            "freeQty":0,
            "side":"Sell",
            "positionValue":0,
            "entryPrice":0,
            "liqPrice":0,
            "isIsolated":0,
            "leverage":100,
            "orderMargin":0,
            "positionMargin":0,
            "extraAddedMargin":0,
            "takeProfit":0,
            "tpTriggerBy":"LastPriceOld",
            "stopLoss":0,
            "slTriggerBy":"LastPriceOld",
            "realisedPnl":0,
            "trailingStop":0,
            "walletBalance":0,
            "todayRealisedPnl":0,
            "unRealisedPnlByMp":0,
            "unRealisedPnlByLp":0,
            "unRealisedPnlByBp":0,
            "unRealisedPnl":0,
            "riskId":1,
            "ocCalcData":"",
            "occClosingFee":0,
            "occFundingFee":0,
            "isAutoAddMargin":0,
            "cumRealisedPnl":0,
            "minPositionCost":0,
            "positionBalance":0,
            "buyValueToCost":0,
            "sellValueToCost":0.0115075,
            "adlRankIndicator":0
        }
    ]
}
