{
    "ret_code": 0,
    "ret_msg": "ok",
    "ext_code": "",
    "result": {
        "id": 1380610,
        "username": null,
        "country_code": "CN",
        "status": "Normal",
        "email_verified": false,
        "mobile_verified": true,
        "avatar": null,
        "auto_add_margin": false,
        "currency_code": null,
        "created_at": "2020-06-30T02:50:39.000Z",
        "vague_mobile": "182****6911",
        "vague_email": "",
        "has_google2fa": false,
        "lang": "zh-CN",
        "use_ws2": true,
        "use_svc_order": true,
        "double_confirm": "orderConfirm,hidePhoneConfirm,positionConfirm,obAnimation,cancelAllConfirm",
        "use_ws2_for_personal": true,
        "use_order_v2": true,
        "use_webworker": true
    },
    "ext_info": null,
    "token": null,
    "time_now": "1593485558.306489"
}