{
    "ret_code":0,
    "ret_msg":"OK",
    "ext_code":"",
    "ext_info":"",
    "result":{
        "id":1380610,
        "username":"",
        "country_code":"CN",
        "status":"Normal",
        "email_verified":false,
        "mobile_verified":true,
        "avatar":"",
        "auto_add_margin":false,
        "currency_code":"",
        "created_at":"2020-06-30 02:50:39",
        "vague_mobile":"182*****911",
        "vague_email":"",
        "has_google2fa":false,
        "lang":"zh-CN",
        "use_ws2":true,
        "use_svc_order":true,
        "use_order_v2":true,
        "double_confirm":"orderConfirm,hidePhoneConfirm,positionConfirm,obAnimation,cancelAllConfirm",
        "use_ws2_for_personal":true,
        "use_webworker":true
    },
    "time_now":"1593485455.288875",
    "token":null
}