{
    "ret_code": 0,
    "ret_msg": "OK",
    "ext_code": "",
    "ext_info": "",
    "result": {
        "id": 160299,
        "username": "",
        "country_code": "",
        "status": "Normal",
        "email_verified": true,
        "mobile_verified": false,
        "avatar": null,
        "auto_add_margin": false,
        "currency_code": "",
        "created_at": "2020-06-15 08:16:12",
        "vague_mobile": "",
        "vague_email": "len****@bybit.com",
        "has_google2fa": false,
        "lang": "zh-CN",
        "use_ws2": true,
        "use_svc_order": true,
        "use_order_v2": true,
        "double_confirm": "cancelAllConfirm,riskConfirm,orderConfirm,hidePhoneConfirm,positionConfirm",
        "use_ws2_for_personal": true,
        "use_webworker": false,
        "msg_disable_module_ids": ""
    },
    "time_now": "1592299213.434414",
    "token": null
}