{
    "ret_code":0,
    "ret_msg":"OK",
    "ext_code":"",
    "ext_info":"",
    "result":{
        "id":117641,
        "username":"",
        "country_code":"",
        "status":"Normal",
        "email_verified":true,
        "mobile_verified":false,
        "avatar":"",
        "auto_add_margin":false,
        "currency_code":"",
        "created_at":"2020-06-28 11:24:22",
        "vague_mobile":"",
        "vague_email":"len*****2@bybit.com",
        "has_google2fa":false,
        "lang":"zh-CN",
        "use_ws2":true,
        "use_svc_order":true,
        "use_order_v2":true,
        "double_confirm":"orderConfirm,hidePhoneConfirm,positionConfirm,obAnimation,cancelAllConfirm",
        "use_ws2_for_personal":true,
        "use_webworker":true
    },
    "time_now":"1593343471.997216",
    "token":null
}