{
    "ret_code": 0,
    "ret_msg": "ok",
    "ext_code": "",
    "result": {
        "id": 117641,
        "username": null,
        "country_code": "",
        "status": "Normal",
        "email_verified": true,
        "mobile_verified": false,
        "avatar": null,
        "auto_add_margin": false,
        "currency_code": null,
        "created_at": "2020-06-28T11:24:22.000Z",
        "vague_mobile": "",
        "vague_email": "len.liu+2@bybit.com",
        "has_google2fa": false,
        "lang": "zh-CN",
        "use_ws2": true,
        "use_svc_order": true,
        "double_confirm": "orderConfirm,hidePhoneConfirm,positionConfirm,obAnimation,cancelAllConfirm",
        "use_ws2_for_personal": true,
        "use_order_v2": true,
        "use_webworker": true
    },
    "ext_info": null,
    "token": null,
    "time_now": "1593343841.228353"
}