{
    "ret_code":0,
    "ret_msg":"ok",
    "ext_code":"",
    "result":{
        "BTC":{
            "available_balance":9.99214192,
            "used_margin":0.00759999,
            "order_margin":0,
            "position_margin":0.00009999,
            "occ_closing_fee":0.0075,
            "occ_funding_fee":"0.00000000",
            "wallet_balance":9.99974191,
            "realised_pnl":"-0.00025809",
            "cum_realised_pnl":"-0.00025809",
            "cum_commission":0,
            "un_realised_pnl":-0.00072549,
            "risk_id":1,
            "risk_section":[
                "1",
                "2",
                "3",
                "5",
                "10",
                "25",
                "50",
                "100"
            ],
            "last_month_commission":0,
            "given_cash":0,
            "service_cash":0
        },
        "ETH":{
            "available_balance":1000,
            "used_margin":0,
            "order_margin":0,
            "position_margin":0,
            "occ_closing_fee":0,
            "occ_funding_fee":"0.00000000",
            "wallet_balance":1000,
            "realised_pnl":"0.00000000",
            "cum_realised_pnl":"0.00000000",
            "cum_commission":0,
            "un_realised_pnl":0,
            "risk_id":11,
            "risk_section":[
                "1",
                "2",
                "3",
                "5",
                "10",
                "25",
                "50",
                "100"
            ],
            "last_month_commission":0,
            "given_cash":0,
            "service_cash":0
        },
        "EOS":{
            "available_balance":0,
            "used_margin":0,
            "order_margin":0,
            "position_margin":0,
            "occ_closing_fee":0,
            "occ_funding_fee":"0.00000000",
            "wallet_balance":0,
            "realised_pnl":"0.00000000",
            "cum_realised_pnl":"0.00000000",
            "cum_commission":0,
            "un_realised_pnl":0,
            "risk_id":21,
            "risk_section":[
                "1",
                "2",
                "3",
                "5",
                "10",
                "15",
                "20",
                "25"
            ],
            "last_month_commission":0,
            "given_cash":0,
            "service_cash":0
        },
        "XRP":{
            "available_balance":0,
            "used_margin":0,
            "order_margin":0,
            "position_margin":0,
            "occ_closing_fee":0,
            "occ_funding_fee":"0.00000000",
            "wallet_balance":0,
            "realised_pnl":"0.00000000",
            "cum_realised_pnl":"0.00000000",
            "cum_commission":0,
            "un_realised_pnl":0,
            "risk_id":31,
            "risk_section":[
                "1",
                "2",
                "3",
                "5",
                "10",
                "15",
                "20",
                "25"
            ],
            "last_month_commission":0,
            "given_cash":0,
            "service_cash":0
        },
        "USDT":{
            "available_balance":0,
            "used_margin":0,
            "order_margin":0,
            "position_margin":0,
            "occ_closing_fee":0,
            "occ_funding_fee":0,
            "wallet_balance":0,
            "realised_pnl":"0.00000000",
            "cum_realised_pnl":"0.00000000",
            "un_realised_pnl":"0.00000000",
            "cum_commission":0,
            "risk_id":0,
            "risk_section":[

            ],
            "last_month_commission":0,
            "given_cash":0,
            "service_cash":0
        }
    },
    "ext_info":null,
    "token":null,
    "time_now":"1594209443.902611"
}