{
    "ret_code": 0,
    "ret_msg": "ok",
    "ext_code": "",
    "result": [
        {
            "id": 2040,
            "user_id": 160329,
            "symbol": "BTCUSD",
            "side": "None",
            "size": 0,
            "position_value": 0,
            "entry_price": 0,
            "risk_id": 1,
            "auto_add_margin": 1,
            "leverage": 100,
            "position_margin": 0,
            "liq_price": 0,
            "bust_price": 0,
            "occ_closing_fee": 0,
            "occ_funding_fee": 0,
            "take_profit": 0,
            "stop_loss": 0,
            "trailing_stop": 0,
            "trailing_active": 0,
            "position_status": "Normal",
            "deleverage_indicator": 1,
            "oc_calc_data": "{\"blq\":0,\"slq\":0,\"bmp\":0,\"smp\":0,\"bv2c\":0.0115075,\"sv2c\":0.0114925}",
            "order_margin": 0,
            "wallet_balance": 0,
            "realised_pnl": 0,
            "cum_realised_pnl": 0,
            "cum_commission": 0,
            "cross_seq": -1,
            "position_seq": -1,
            "created_at": "2020-07-02T09:59:12.000Z",
            "updated_at": "2020-07-02T10:01:36.000Z",
            "ext_fields": {
                "_remark": ""
            },
            "unrealised_pnl": 0,
            "effective_leverage": 100
        }
    ],
    "ext_info": null,
    "token": null,
    "time_now": "1593684634.684642"
}