[
    {
        "id":1,
        "coin":"BTC",
        "limit":150,
        "maintain_margin":"0.50",
        "starting_margin":"1.00",
        "section":[
            "1",
            "2",
            "3",
            "5",
            "10",
            "25",
            "50",
            "100"
        ],
        "is_lowest_risk":0,
        "created_at":"2019-06-26T05:46:45.000Z",
        "updated_at":"2019-06-26T05:46:55.000Z"
    },
    {
        "id":2,
        "coin":"BTC",
        "limit":300,
        "maintain_margin":"1.00",
        "starting_margin":"1.50",
        "section":[
            "1",
            "2",
            "3",
            "5",
            "10",
            "25",
            "50",
            "66"
        ],
        "is_lowest_risk":0,
        "created_at":"2019-06-26T05:46:45.000Z",
        "updated_at":"2019-06-26T05:46:55.000Z"
    },
    {
        "id":3,
        "coin":"BTC",
        "limit":450,
        "maintain_margin":"1.50",
        "starting_margin":"2.00",
        "section":[
            "1",
            "2",
            "3",
            "5",
            "10",
            "25",
            "33",
            "50"
        ],
        "is_lowest_risk":0,
        "created_at":"2019-06-26T05:46:45.000Z",
        "updated_at":"2019-06-26T05:46:55.000Z"
    },
    {
        "id":4,
        "coin":"BTC",
        "limit":600,
        "maintain_margin":"2.00",
        "starting_margin":"2.50",
        "section":[
            "1",
            "2",
            "3",
            "5",
            "10",
            "25",
            "33",
            "40"
        ],
        "is_lowest_risk":0,
        "created_at":"2019-06-26T05:46:45.000Z",
        "updated_at":"2019-06-26T05:46:55.000Z"
    },
    {
        "id":5,
        "coin":"BTC",
        "limit":750,
        "maintain_margin":"2.50",
        "starting_margin":"3.00",
        "section":[
            "1",
            "2",
            "3",
            "5",
            "10",
            "15",
            "25",
            "33"
        ],
        "is_lowest_risk":0,
        "created_at":"2019-06-26T05:46:45.000Z",
        "updated_at":"2019-06-26T05:46:55.000Z"
    },
    {
        "id":6,
        "coin":"BTC",
        "limit":900,
        "maintain_margin":"3.00",
        "starting_margin":"3.50",
        "section":[
            "1",
            "2",
            "3",
            "5",
            "10",
            "15",
            "20",
            "28"
        ],
        "is_lowest_risk":0,
        "created_at":"2019-06-26T05:46:45.000Z",
        "updated_at":"2019-06-26T05:46:55.000Z"
    },
    {
        "id":7,
        "coin":"BTC",
        "limit":1050,
        "maintain_margin":"3.50",
        "starting_margin":"4.00",
        "section":[
            "1",
            "2",
            "3",
            "5",
            "10",
            "15",
            "20",
            "25"
        ],
        "is_lowest_risk":0,
        "created_at":"2019-06-26T05:46:45.000Z",
        "updated_at":"2019-06-26T05:46:55.000Z"
    },
    {
        "id":8,
        "coin":"BTC",
        "limit":1200,
        "maintain_margin":"4.00",
        "starting_margin":"4.50",
        "section":[
            "1",
            "2",
            "3",
            "5",
            "10",
            "15",
            "20",
            "22"
        ],
        "is_lowest_risk":0,
        "created_at":"2019-06-26T05:46:45.000Z",
        "updated_at":"2019-06-26T05:46:55.000Z"
    },
    {
        "id":9,
        "coin":"BTC",
        "limit":1350,
        "maintain_margin":"4.50",
        "starting_margin":"5.00",
        "section":[
            "1",
            "2",
            "3",
            "4",
            "5",
            "10",
            "15",
            "20"
        ],
        "is_lowest_risk":0,
        "created_at":"2019-06-26T05:46:45.000Z",
        "updated_at":"2019-06-26T05:46:55.000Z"
    },
    {
        "id":10,
        "coin":"BTC",
        "limit":1500,
        "maintain_margin":"5.00",
        "starting_margin":"5.50",
        "section":[
            "1",
            "2",
            "3",
            "4",
            "5",
            "10",
            "15",
            "18"
        ],
        "is_lowest_risk":0,
        "created_at":"2019-06-26T05:46:45.000Z",
        "updated_at":"2019-06-26T05:46:55.000Z"
    },
    {
        "id":11,
        "coin":"ETH",
        "limit":3000,
        "maintain_margin":"1.00",
        "starting_margin":"2.00",
        "section":[
            "1",
            "2",
            "3",
            "5",
            "10",
            "25",
            "50",
            "100"
        ],
        "is_lowest_risk":0,
        "created_at":"2019-06-26T05:46:45.000Z",
        "updated_at":"2019-06-26T05:46:55.000Z"
    },
    {
        "id":12,
        "coin":"ETH",
        "limit":6000,
        "maintain_margin":"1.50",
        "starting_margin":"3.00",
        "section":[
            "1",
            "2",
            "3",
            "5",
            "10",
            "25",
            "50",
            "66"
        ],
        "is_lowest_risk":0,
        "created_at":"2019-06-26T05:46:45.000Z",
        "updated_at":"2019-06-26T05:46:55.000Z"
    },
    {
        "id":13,
        "coin":"ETH",
        "limit":9000,
        "maintain_margin":"2.00",
        "starting_margin":"4.00",
        "section":[
            "1",
            "2",
            "3",
            "5",
            "10",
            "25",
            "33",
            "50"
        ],
        "is_lowest_risk":0,
        "created_at":"2019-06-26T05:46:45.000Z",
        "updated_at":"2019-06-26T05:46:55.000Z"
    },
    {
        "id":14,
        "coin":"ETH",
        "limit":12000,
        "maintain_margin":"2.50",
        "starting_margin":"5.00",
        "section":[
            "1",
            "2",
            "3",
            "5",
            "10",
            "25",
            "33",
            "40"
        ],
        "is_lowest_risk":0,
        "created_at":"2019-06-26T05:46:45.000Z",
        "updated_at":"2019-06-26T05:46:55.000Z"
    },
    {
        "id":15,
        "coin":"ETH",
        "limit":15000,
        "maintain_margin":"3.00",
        "starting_margin":"6.00",
        "section":[
            "1",
            "2",
            "3",
            "5",
            "10",
            "15",
            "25",
            "33"
        ],
        "is_lowest_risk":0,
        "created_at":"2019-06-26T05:46:45.000Z",
        "updated_at":"2019-06-26T05:46:55.000Z"
    },
    {
        "id":16,
        "coin":"ETH",
        "limit":18000,
        "maintain_margin":"3.50",
        "starting_margin":"7.00",
        "section":[
            "1",
            "2",
            "3",
            "5",
            "10",
            "15",
            "20",
            "28"
        ],
        "is_lowest_risk":0,
        "created_at":"2019-06-26T05:46:45.000Z",
        "updated_at":"2019-06-26T05:46:55.000Z"
    },
    {
        "id":17,
        "coin":"ETH",
        "limit":21000,
        "maintain_margin":"4.00",
        "starting_margin":"8.00",
        "section":[
            "1",
            "2",
            "3",
            "5",
            "10",
            "15",
            "20",
            "25"
        ],
        "is_lowest_risk":0,
        "created_at":"2019-06-26T05:46:45.000Z",
        "updated_at":"2019-06-26T05:46:55.000Z"
    },
    {
        "id":18,
        "coin":"ETH",
        "limit":24000,
        "maintain_margin":"4.50",
        "starting_margin":"9.00",
        "section":[
            "1",
            "2",
            "3",
            "5",
            "10",
            "15",
            "20",
            "22"
        ],
        "is_lowest_risk":0,
        "created_at":"2019-06-26T05:46:45.000Z",
        "updated_at":"2019-06-26T05:46:55.000Z"
    },
    {
        "id":19,
        "coin":"ETH",
        "limit":27000,
        "maintain_margin":"5.00",
        "starting_margin":"10.00",
        "section":[
            "1",
            "2",
            "3",
            "4",
            "5",
            "10",
            "15",
            "20"
        ],
        "is_lowest_risk":0,
        "created_at":"2019-06-26T05:46:45.000Z",
        "updated_at":"2019-06-26T05:46:55.000Z"
    },
    {
        "id":20,
        "coin":"ETH",
        "limit":30000,
        "maintain_margin":"5.50",
        "starting_margin":"11.00",
        "section":[
            "1",
            "2",
            "3",
            "4",
            "5",
            "10",
            "15",
            "18"
        ],
        "is_lowest_risk":0,
        "created_at":"2019-06-26T05:46:45.000Z",
        "updated_at":"2019-06-26T05:46:55.000Z"
    },
    {
        "id":21,
        "coin":"EOS",
        "limit":50000,
        "maintain_margin":"1.00",
        "starting_margin":"2.00",
        "section":[
            "1",
            "2",
            "3",
            "5",
            "10",
            "15",
            "20",
            "25"
        ],
        "is_lowest_risk":0,
        "created_at":"2019-06-26T05:46:45.000Z",
        "updated_at":"2019-06-26T05:46:55.000Z"
    },
    {
        "id":22,
        "coin":"EOS",
        "limit":100000,
        "maintain_margin":"1.50",
        "starting_margin":"3.00",
        "section":[
            "1",
            "2",
            "3",
            "4",
            "5",
            "10",
            "15",
            "16.6"
        ],
        "is_lowest_risk":0,
        "created_at":"2019-06-26T05:46:45.000Z",
        "updated_at":"2019-06-26T05:46:55.000Z"
    },
    {
        "id":23,
        "coin":"EOS",
        "limit":150000,
        "maintain_margin":"2.00",
        "starting_margin":"4.00",
        "section":[
            "1",
            "2",
            "3",
            "4",
            "5",
            "10",
            "11",
            "12.5"
        ],
        "is_lowest_risk":0,
        "created_at":"2019-06-26T05:46:45.000Z",
        "updated_at":"2019-06-26T05:46:55.000Z"
    },
    {
        "id":24,
        "coin":"EOS",
        "limit":200000,
        "maintain_margin":"2.50",
        "starting_margin":"5.00",
        "section":[
            "1",
            "2",
            "3",
            "4",
            "5",
            "7",
            "9",
            "10"
        ],
        "is_lowest_risk":0,
        "created_at":"2019-06-26T05:46:45.000Z",
        "updated_at":"2019-06-26T05:46:55.000Z"
    },
    {
        "id":25,
        "coin":"EOS",
        "limit":250000,
        "maintain_margin":"3.00",
        "starting_margin":"6.00",
        "section":[
            "1",
            "2",
            "3",
            "4",
            "5",
            "6",
            "7",
            "8.3"
        ],
        "is_lowest_risk":0,
        "created_at":"2019-06-26T05:46:45.000Z",
        "updated_at":"2019-06-26T05:46:55.000Z"
    },
    {
        "id":26,
        "coin":"EOS",
        "limit":300000,
        "maintain_margin":"3.50",
        "starting_margin":"7.00",
        "section":[
            "1",
            "2",
            "3",
            "4",
            "5",
            "6",
            "6.5",
            "7.1"
        ],
        "is_lowest_risk":0,
        "created_at":"2019-06-26T05:46:45.000Z",
        "updated_at":"2019-06-26T05:46:55.000Z"
    },
    {
        "id":27,
        "coin":"EOS",
        "limit":350000,
        "maintain_margin":"4.00",
        "starting_margin":"8.00",
        "section":[
            "1",
            "2",
            "3",
            "4",
            "5",
            "5.5",
            "6",
            "6.2"
        ],
        "is_lowest_risk":0,
        "created_at":"2019-06-26T05:46:45.000Z",
        "updated_at":"2019-06-26T05:46:55.000Z"
    },
    {
        "id":28,
        "coin":"EOS",
        "limit":400000,
        "maintain_margin":"4.50",
        "starting_margin":"9.00",
        "section":[
            "1",
            "2",
            "3",
            "3.5",
            "4",
            "4.5",
            "5",
            "5.5"
        ],
        "is_lowest_risk":0,
        "created_at":"2019-06-26T05:46:45.000Z",
        "updated_at":"2019-06-26T05:46:55.000Z"
    },
    {
        "id":29,
        "coin":"EOS",
        "limit":450000,
        "maintain_margin":"5.00",
        "starting_margin":"10.00",
        "section":[
            "1",
            "2",
            "2.5",
            "3",
            "3.5",
            "4",
            "4.5",
            "5"
        ],
        "is_lowest_risk":0,
        "created_at":"2019-06-26T05:46:45.000Z",
        "updated_at":"2019-06-26T05:46:55.000Z"
    },
    {
        "id":30,
        "coin":"EOS",
        "limit":500000,
        "maintain_margin":"5.50",
        "starting_margin":"11.00",
        "section":[
            "1",
            "1.5",
            "2",
            "2.5",
            "3",
            "3.5",
            "4",
            "4.5"
        ],
        "is_lowest_risk":0,
        "created_at":"2019-06-26T05:46:45.000Z",
        "updated_at":"2019-06-26T05:46:55.000Z"
    },
    {
        "id":31,
        "coin":"XRP",
        "limit":750000,
        "maintain_margin":"1.00",
        "starting_margin":"2.00",
        "section":[
            "1",
            "2",
            "3",
            "5",
            "10",
            "15",
            "20",
            "25"
        ],
        "is_lowest_risk":0,
        "created_at":"2019-06-26T05:46:45.000Z",
        "updated_at":"2019-06-26T05:46:55.000Z"
    },
    {
        "id":32,
        "coin":"XRP",
        "limit":1500000,
        "maintain_margin":"1.50",
        "starting_margin":"3.00",
        "section":[
            "1",
            "2",
            "3",
            "4",
            "5",
            "10",
            "15",
            "16.6"
        ],
        "is_lowest_risk":0,
        "created_at":"2019-06-26T05:46:45.000Z",
        "updated_at":"2019-06-26T05:46:55.000Z"
    },
    {
        "id":33,
        "coin":"XRP",
        "limit":2250000,
        "maintain_margin":"2.00",
        "starting_margin":"4.00",
        "section":[
            "1",
            "2",
            "3",
            "4",
            "5",
            "10",
            "11",
            "12.5"
        ],
        "is_lowest_risk":0,
        "created_at":"2019-06-26T05:46:45.000Z",
        "updated_at":"2019-06-26T05:46:55.000Z"
    },
    {
        "id":34,
        "coin":"XRP",
        "limit":3000000,
        "maintain_margin":"2.50",
        "starting_margin":"5.00",
        "section":[
            "1",
            "2",
            "3",
            "4",
            "5",
            "7",
            "9",
            "10"
        ],
        "is_lowest_risk":0,
        "created_at":"2019-06-26T05:46:45.000Z",
        "updated_at":"2019-06-26T05:46:55.000Z"
    },
    {
        "id":35,
        "coin":"XRP",
        "limit":3750000,
        "maintain_margin":"3.00",
        "starting_margin":"6.00",
        "section":[
            "1",
            "2",
            "3",
            "4",
            "5",
            "6",
            "7",
            "8.3"
        ],
        "is_lowest_risk":0,
        "created_at":"2019-06-26T05:46:45.000Z",
        "updated_at":"2019-06-26T05:46:55.000Z"
    },
    {
        "id":36,
        "coin":"XRP",
        "limit":4550000,
        "maintain_margin":"3.50",
        "starting_margin":"7.00",
        "section":[
            "1",
            "2",
            "3",
            "4",
            "5",
            "6",
            "6.5",
            "7.1"
        ],
        "is_lowest_risk":0,
        "created_at":"2019-06-26T05:46:45.000Z",
        "updated_at":"2019-06-26T05:46:55.000Z"
    },
    {
        "id":37,
        "coin":"XRP",
        "limit":5250000,
        "maintain_margin":"4.00",
        "starting_margin":"8.00",
        "section":[
            "1",
            "2",
            "3",
            "4",
            "5",
            "5.5",
            "6",
            "6.2"
        ],
        "is_lowest_risk":0,
        "created_at":"2019-06-26T05:46:45.000Z",
        "updated_at":"2019-06-26T05:46:55.000Z"
    },
    {
        "id":38,
        "coin":"XRP",
        "limit":6000000,
        "maintain_margin":"4.50",
        "starting_margin":"9.00",
        "section":[
            "1",
            "2",
            "3",
            "3.5",
            "4",
            "4.5",
            "5",
            "5.5"
        ],
        "is_lowest_risk":0,
        "created_at":"2019-06-26T05:46:45.000Z",
        "updated_at":"2019-06-26T05:46:55.000Z"
    },
    {
        "id":39,
        "coin":"XRP",
        "limit":6750000,
        "maintain_margin":"5.00",
        "starting_margin":"10.00",
        "section":[
            "1",
            "2",
            "2.5",
            "3",
            "3.5",
            "4",
            "4.5",
            "5"
        ],
        "is_lowest_risk":0,
        "created_at":"2019-06-26T05:46:45.000Z",
        "updated_at":"2019-06-26T05:46:55.000Z"
    },
    {
        "id":40,
        "coin":"XRP",
        "limit":7500000,
        "maintain_margin":"5.50",
        "starting_margin":"11.00",
        "section":[
            "1",
            "1.5",
            "2",
            "2.5",
            "3",
            "3.5",
            "4",
            "4.5"
        ],
        "is_lowest_risk":0,
        "created_at":"2019-06-26T05:46:45.000Z",
        "updated_at":"2019-06-26T05:46:55.000Z"
    }
]