{
    "topic":"private.position",
    "data":[
        {
            "userId":"160025",
            "coin":"BTC",
            "symbol":"BTCUSD",
            "positionIdx":"0",
            "mode":"MergedSingle",
            "riskId":"6",
            "leverageE2":"2858",
            "isIsolated":false,
            "isAutoAddMargin":true,
            "positionStatus":"Normal",
            "adlRankIndicator":2,
            "side":"Sell",
            "sizeX":"16340",
            "valueE8":"209110561",
            "entryPriceE8":"781404818669",
            "minPositionCostE8":"0",
            "markPriceE4":"0",
            "unrealisedPnlE8":"0",
            "unrealisedPnlByMpE8":"0",
            "unrealisedPnlByLpE8":"0",
            "unrealisedPnlByBpE8":"0",
            "extraAddedMarginE8":"0",
            "positionBalanceE8":"7317901",
            "positionMarginE8":"7316675",
            "occClosingFeeE8":"1226",
            "occFundingFeeE8":"0",
            "liqPriceE4":"9999990000",
            "bustPriceE4":"9999990000",
            "bv2cE8":"3651576",
            "sv2cE8":"3646327",
            "fqX":"0",
            "fcE8":"0",
            "orderBalanceE8":"0",
            "todayRealisedPnlE8":"-603929",
            "cumRealisedPnlE8":"-603929",
            "tpTriggerBy":"LastPriceOld",
            "slTriggerBy":"LastPriceOld",
            "takeProfitE4":"0",
            "stopLossE4":"0",
            "trailingStopE4":"0",
            "activationPriceE4":"0",
            "closingOrderId":"",
            "closingPriceE4":"0",
            "closingQtyX":"0",
            "updatedAtE3":"0"
        }
    ]
}