{
    "[html]": {
      "editor.defaultFormatter": "esbenp.prettier-vscode"
    },
    "[vue]": {
      "editor.defaultFormatter": "esbenp.prettier-vscode"
    },
    "window.zoomLevel": 0,
    "editor.formatOnSave": true,
    // #每次保存的时候将代码按eslint格式进行修复
    "editor.codeActionsOnSave": {
      "source.fixAll.eslint": true
    }
    // 添加 vue 支持
    "eslint.validate": [
      "javascript",
      "javascriptreact",
      {
        "language": "vue",
        "autoFix": true
      }
    ],
    //  #让prettier使用eslint的代码格式进行校验 
    // "prettier.eslintIntegration": true,
    //  #去掉代码结尾的分号 
    "prettier.semi": false,
    //  #使用带引号替代双引号 
    "prettier.singleQuote": true,
    //  #让函数(名)和后面的括号之间加个空格
    "javascript.format.insertSpaceBeforeFunctionParenthesis": true,