{
	"purchaseInfo": {
		"supplierCompanyName": "天津六一互联有限公司",
		"supplierCompanyId": "1548734714564441609",
		"supplierManagerId": "95",
		"supplierManagerName": "孙丽丽",
		"purchasePrice": 12,
		"purchaseQuantity": 12,
		"goodsOrderId": "1588835197095853025",
		"version": "4",
		"cid": "15",
		"purchaserCompanyName": "江苏五一互联电子商务有限公司",
		"purchaserCompanyId": "1606026249208216737",
		"orderLogisticsId": "1578908722884216769",
		"purchaseOrderPaymentInfoInDTO": {
			"settlementTypeSec": 151,
			"avgPriceBeginTime": null,
			"avgPriceEndTime": null,
			"guaranteeCharge": 0
		},
		"tradeOrderDetailInDTO": {
			"contractPrice": 12,
			"weight": 12,
			"orderDetailId": "1578908722802278321"
		},
		"tradeOrderPaymentInfoInDTO": {
			"guaranteeCharge": 0
		},
		"updateOperationId": "90",
		"tradeOrderId": "1578908722700318569",
		"purchaseOrderId": "1619998156213407129",
		"tradeOrderLogisticeInfoInDTO": {
			"orderId": "1578908722700318569",
			"orderCode": "XCDJT020190404191537938",
			"orderLogisticsId": "1578908722884216769",
			"freightPrice": 0,
			"freightPriceRemarks": "1",
			"logisticsCompany": "11",
			"buyerReceivedAddressNm": "安徽省-合肥市-市辖区",
			"buyerReceivedAddressCd": "34-340100000000-340101000000",
			"buyerReceivedAddressDetail": "23",
			"purchaseOrderId": "1619998156213407129",
			"purchaseOrderCode": "BCDJT020190419155622737",
			"logistics": ";89:28;",
			"logisticsName": "物流方式:仓库自提;",
			"stocks": ";93:3;",
			"stocksName": "仓库:南京仙林仓库;",
			"geographic": ";92:32-320100000000-unlimit;",
			"geographicName": "所在地:江苏省-南京市-不限;",
			"version": 34
		},
		"purchaseOrderLogisticsInfoDTO": {
			"logistics": ";89:2116;",
			"logisticsName": "物流方式:厂家自提;",
			"stocks": null,
			"stocksName": null,
			"geographic": ";728:34-340100000000-340101000000;",
			"geographicName": "自提地:安徽省-合肥市-市辖区;",
			"version": 5
		}
	},
	"payInfo": {
		"orderId": "1588835197095853025",
		"orderCode": "DH000020190408092540263"
	},
	"officeInfo": {
		"tradeOrderId": "1578908722700318569",
		"tradeOrderCode": "XCDJT020190404191537938",
		"orderOfficeId": "1578912529752523689",
		"updateOperationId": "90"
	},
	"modifyFlag": true
}