{
    "ret_code":0,
    "ret_msg":"OK",
    "ext_code":"",
    "ext_info":"",
    "result":{
        "id":161018,
        "username":"",
        "country_code":"",
        "status":"Normal",
        "email_verified":true,
        "mobile_verified":false,
        "avatar":"",
        "auto_add_margin":false,
        "currency_code":"",
        "created_at":"2020-05-19 04:04:30",
        "vague_mobile":"",
        "vague_email":"len*****2@bybit.com",
        "has_google2fa":false,
        "lang":"zh-CN",
        "use_ws2":true,
        "use_svc_order":true,
        "use_order_v2":true,
        "double_confirm":"cancelAllConfirm,orderConfirm,hidePhoneConfirm,positionConfirm,obAnimation",
        "use_ws2_for_personal":true,
        "use_webworker":true,
        "msg_disable_module_ids":""
    },
    "time_now":"1592810837.755504",
    "token":null
}